,id,ename,avg_perform
0,1,hari,4.857142857142857
1,2,tamil,4.714285714285714
2,3,kiran,5.142857142857143
